IP Address,Port,Code,Country,Anonymity,Google,Https,Last Checked
43.225.66.184,80,ID,Indonesia,elite proxy,,no,16 secs ago
95.0.94.170,80,TR,Turkey,anonymous,no,no,16 secs ago
24.172.34.114,49920,US,United States,elite proxy,,no,16 secs ago
159.65.5.141,65534,SG,Singapore,elite proxy,no,yes,16 secs ago
158.69.71.69,9300,CA,Canada,elite proxy,,no,16 secs ago
46.8.247.3,50967,RU,Russian Federation,elite proxy,,no,16 secs ago
196.1.95.117,80,SN,Senegal,elite proxy,,no,16 secs ago
47.245.33.104,12345,JP,Japan,elite proxy,no,yes,16 secs ago
158.177.253.24,80,US,United States,anonymous,,no,16 secs ago
47.254.75.151,8181,US,United States,anonymous,no,no,16 secs ago
181.230.166.209,8080,AR,Argentina,elite proxy,no,yes,16 secs ago
196.10.68.2,80,ZA,South Africa,anonymous,no,no,16 secs ago
189.240.60.164,8080,MX,Mexico,elite proxy,,no,16 secs ago
27.111.45.190,8080,ID,Indonesia,elite proxy,no,yes,16 secs ago
03.213.139.74,8888,,Unknown,anonymous,yes,yes,16 secs ago
54.211.23.200,80,US,United States,anonymous,,no,16 secs ago
185.170.215.228,80,GB,United Kingdom,anonymous,no,no,16 secs ago
35.172.135.29,80,US,United States,anonymous,yes,no,16 secs ago
88.198.50.103,8080,DE,Germany,anonymous,no,no,16 secs ago
198.199.86.11,3128,US,United States,anonymous,,no,16 secs ago
62.252.146.74,8080,GB,United Kingdom,elite proxy,no,yes,16 secs ago
192.109.165.181,80,DE,Germany,anonymous,no,no,16 secs ago
136.243.211.104,80,DE,Germany,anonymous,no,no,16 secs ago
46.36.89.43,6969,LT,Lithuania,elite proxy,no,no,16 secs ago
196.15.213.235,3128,ZA,South Africa,elite proxy,,no,16 secs ago
45.11.2.126,80,JP,Japan,anonymous,,no,16 secs ago
153.122.72.63,80,JP,Japan,anonymous,no,no,16 secs ago
45.152.188.39,3128,US,United States,elite proxy,no,yes,16 secs ago
45.152.188.48,3128,US,United States,elite proxy,no,yes,16 secs ago
45.152.188.16,3128,US,United States,elite proxy,no,yes,16 secs ago
193.122.197.154,80,US,United States,transparent,no,no,1 min ago
124.40.251.92,8080,ID,Indonesia,elite proxy,,no,1 min ago
168.196.211.10,55443,BR,Brazil,elite proxy,,no,1 min ago
175.139.179.65,42580,MY,Malaysia,elite proxy,,no,1 min ago
41.190.147.158,54018,MU,Mauritius,elite proxy,,no,1 min ago
103.212.93.253,48434,IN,India,elite proxy,,no,1 min ago
194.233.69.90,443,SG,Singapore,elite proxy,no,yes,1 min ago
93.157.163.66,35081,RU,Russian Federation,elite proxy,no,no,1 min ago
181.49.100.190,8080,CO,Colombia,elite proxy,,no,1 min ago
176.62.178.247,47556,RU,Russian Federation,elite proxy,,no,1 min ago
194.114.128.149,61213,RU,Russian Federation,elite proxy,,no,1 min ago
41.217.219.53,31398,MW,Malawi,elite proxy,no,yes,1 min ago
79.143.87.117,9090,GB,United Kingdom,anonymous,,no,1 min ago
210.14.35.194,55443,PH,Philippines,elite proxy,,no,1 min ago
45.77.73.151,3128,US,United States,elite proxy,,no,1 min ago
149.28.91.128,1088,US,United States,elite proxy,no,yes,1 min ago
65.18.114.254,55443,MM,Myanmar,elite proxy,yes,yes,1 min ago
41.76.155.134,8080,NG,Nigeria,anonymous,yes,no,1 min ago
189.195.41.242,8080,MX,Mexico,elite proxy,no,yes,2 mins ago
194.233.69.126,443,SG,Singapore,elite proxy,no,yes,2 mins ago
194.233.69.38,443,SG,Singapore,elite proxy,no,yes,2 mins ago
23.251.138.105,8080,BE,Belgium,anonymous,no,yes,2 mins ago
113.176.81.31,55443,VN,Vietnam,elite proxy,no,yes,2 mins ago
77.28.96.206,56644,MK,Macedonia,elite proxy,yes,yes,2 mins ago
158.69.74.53,9300,CA,Canada,elite proxy,no,yes,2 mins ago
109.86.152.78,55443,UA,Ukraine,elite proxy,no,yes,2 mins ago
177.73.16.74,55443,BR,Brazil,anonymous,no,yes,2 mins ago
212.95.180.50,53281,BG,Bulgaria,elite proxy,no,yes,2 mins ago
64.124.38.140,8080,US,United States,elite proxy,no,yes,3 mins ago
64.124.38.141,8080,US,United States,elite proxy,no,yes,3 mins ago
64.124.38.142,8080,US,United States,elite proxy,no,yes,3 mins ago
115.243.184.76,23500,IN,India,elite proxy,no,no,3 mins ago
187.237.121.46,80,MX,Mexico,elite proxy,no,yes,3 mins ago
34.145.126.174,80,US,United States,anonymous,no,no,3 mins ago
58.26.138.168,80,MY,Malaysia,anonymous,no,no,3 mins ago
112.121.26.202,8080,KR,Korea,elite proxy,no,yes,3 mins ago
160.16.104.81,3128,JP,Japan,elite proxy,no,yes,3 mins ago
64.124.38.138,8080,US,United States,elite proxy,no,yes,3 mins ago
109.169.86.220,80,GB,United Kingdom,anonymous,no,no,3 mins ago
177.10.193.233,8080,BR,Brazil,anonymous,no,yes,3 mins ago
180.87.102.69,80,SG,Singapore,anonymous,no,no,3 mins ago
209.141.56.127,80,US,United States,anonymous,no,no,3 mins ago
103.105.49.53,80,US,United States,anonymous,yes,no,3 mins ago
210.220.67.60,8080,KR,Korea,elite proxy,yes,yes,3 mins ago
103.51.103.72,80,ID,Indonesia,elite proxy,no,yes,3 mins ago
169.57.1.84,8123,MX,Mexico,elite proxy,no,yes,3 mins ago
192.109.165.76,80,DE,Germany,anonymous,no,no,3 mins ago
47.75.90.57,80,HK,Hong Kong,anonymous,no,no,3 mins ago
192.109.165.8,80,DE,Germany,anonymous,no,no,3 mins ago
182.72.150.242,8080,IN,India,anonymous,yes,yes,3 mins ago
192.109.165.191,80,DE,Germany,anonymous,no,no,3 mins ago
193.149.225.177,80,GB,United Kingdom,anonymous,no,no,3 mins ago
192.109.165.98,80,DE,Germany,anonymous,no,no,3 mins ago
182.79.103.121,80,IN,India,anonymous,no,no,3 mins ago
88.198.24.108,8080,DE,Germany,anonymous,no,no,3 mins ago
34.64.253.68,3128,KR,Korea,anonymous,no,yes,3 mins ago
193.149.225.106,80,GB,United Kingdom,anonymous,no,no,3 mins ago
193.149.225.119,80,GB,United Kingdom,anonymous,no,no,3 mins ago
190.7.141.66,47576,CO,Colombia,elite proxy,,no,3 mins ago
212.175.55.46,53281,TR,Turkey,elite proxy,no,yes,3 mins ago
12.218.209.130,53281,US,United States,elite proxy,,no,3 mins ago
87.229.251.14,8081,RU,Russian Federation,anonymous,no,no,3 mins ago
85.173.165.36,46330,RU,Russian Federation,elite proxy,,no,3 mins ago
134.122.102.103,8118,GB,United Kingdom,elite proxy,,no,3 mins ago
85.133.130.18,8080,IR,Iran,elite proxy,,no,3 mins ago
189.240.60.169,8080,MX,Mexico,elite proxy,no,no,3 mins ago
54.193.134.2,20096,US,United States,elite proxy,,no,3 mins ago
185.130.60.6,3128,HR,Croatia,elite proxy,no,yes,3 mins ago
47.74.152.29,8888,SG,Singapore,anonymous,,no,3 mins ago
95.47.102.178,8080,UA,Ukraine,elite proxy,,no,3 mins ago
27.73.120.84,6666,VN,Vietnam,elite proxy,,no,3 mins ago
203.190.9.222,8080,BD,Bangladesh,transparent,no,no,8 mins ago
181.78.11.220,999,CO,Colombia,transparent,no,no,8 mins ago
128.199.109.89,3128,SG,Singapore,transparent,no,no,8 mins ago
83.238.80.13,8081,PL,Poland,transparent,no,no,8 mins ago
36.95.15.148,8080,ID,Indonesia,transparent,no,no,8 mins ago
114.5.199.220,8080,ID,Indonesia,transparent,no,no,8 mins ago
52.47.137.181,80,FR,France,elite proxy,no,no,10 mins ago
54.157.8.183,80,US,United States,elite proxy,yes,no,10 mins ago
52.74.18.115,80,SG,Singapore,elite proxy,no,no,10 mins ago
51.77.123.247,80,FR,France,elite proxy,yes,no,10 mins ago
167.71.230.124,8080,IN,India,elite proxy,no,no,10 mins ago
68.183.143.134,80,US,United States,elite proxy,no,no,10 mins ago
200.198.201.224,80,BR,Brazil,elite proxy,no,no,10 mins ago
196.22.221.97,58893,ZA,South Africa,elite proxy,no,yes,10 mins ago
67.227.250.240,80,US,United States,elite proxy,no,no,10 mins ago
111.92.240.134,30598,KH,Cambodia,elite proxy,no,yes,10 mins ago
212.159.107.216,8118,GB,United Kingdom,elite proxy,no,yes,10 mins ago
52.205.44.116,8888,US,United States,anonymous,yes,yes,10 mins ago
51.91.111.43,80,FR,France,elite proxy,no,no,10 mins ago
137.74.65.101,80,FR,France,elite proxy,no,no,10 mins ago
181.176.151.214,3128,PE,Peru,elite proxy,no,yes,10 mins ago
85.119.150.44,80,RU,Russian Federation,elite proxy,yes,no,10 mins ago
91.149.203.12,3128,US,United States,elite proxy,no,yes,10 mins ago
005.252.161.48,8080,,Unknown,anonymous,no,no,10 mins ago
20.81.62.32,3128,US,United States,anonymous,no,yes,10 mins ago
176.9.75.42,8080,DE,Germany,anonymous,no,no,10 mins ago
117.220.196.14,80,IN,India,transparent,no,no,10 mins ago
46.223.255.14,3128,DE,Germany,transparent,no,no,10 mins ago
103.143.193.182,3128,ID,Indonesia,elite proxy,no,yes,10 mins ago
46.4.96.137,3128,DE,Germany,anonymous,no,no,10 mins ago
103.241.227.106,6666,IN,India,elite proxy,no,no,10 mins ago
192.109.165.239,80,DE,Germany,anonymous,no,no,10 mins ago
20.82.200.229,3128,IE,Ireland,elite proxy,no,yes,10 mins ago
193.149.225.145,80,GB,United Kingdom,anonymous,no,no,10 mins ago
195.154.173.28,80,FR,France,elite proxy,no,no,10 mins ago
5.39.17.96,80,FR,France,anonymous,no,no,10 mins ago
46.249.123.148,80,IR,Iran,elite proxy,no,yes,10 mins ago
200.116.198.172,49422,CO,Colombia,elite proxy,yes,no,10 mins ago
41.59.90.92,80,TZ,Tanzania,anonymous,no,no,10 mins ago
176.9.119.170,8080,DE,Germany,anonymous,no,no,10 mins ago
170.238.255.90,31113,MX,Mexico,elite proxy,,no,10 mins ago
91.142.174.224,41576,UA,Ukraine,elite proxy,,no,10 mins ago
31.220.183.217,53281,RU,Russian Federation,elite proxy,,no,10 mins ago
103.47.66.154,8080,IN,India,elite proxy,,no,10 mins ago
202.77.120.38,57965,ID,Indonesia,elite proxy,,no,10 mins ago
103.78.252.113,8080,BD,Bangladesh,elite proxy,,no,10 mins ago
94.180.249.187,38051,RU,Russian Federation,elite proxy,,no,10 mins ago
15.188.180.168,80,FR,France,elite proxy,,no,10 mins ago
36.37.177.186,8080,KH,Cambodia,elite proxy,,no,10 mins ago
210.48.204.134,46669,MY,Malaysia,elite proxy,,no,10 mins ago
103.250.166.17,6666,IN,India,elite proxy,,no,10 mins ago
103.152.101.243,8080,PK,Pakistan,anonymous,,no,10 mins ago
36.89.218.67,8080,ID,Indonesia,elite proxy,,no,10 mins ago
152.200.142.100,8080,CO,Colombia,anonymous,,no,10 mins ago
47.243.177.149,80,HK,Hong Kong,anonymous,,no,10 mins ago
103.119.144.4,55443,ID,Indonesia,elite proxy,,no,10 mins ago
161.117.225.201,80,SG,Singapore,elite proxy,,no,10 mins ago
103.78.73.36,8080,ID,Indonesia,elite proxy,,no,10 mins ago
213.230.69.193,3128,UZ,Uzbekistan,elite proxy,,no,10 mins ago
81.24.88.85,41258,RU,Russian Federation,elite proxy,,no,10 mins ago
195.53.49.11,3128,ES,Spain,elite proxy,,no,10 mins ago
34.93.243.67,80,IN,India,elite proxy,yes,no,11 mins ago
103.221.254.102,48146,BD,Bangladesh,elite proxy,yes,yes,11 mins ago
103.87.170.71,36380,IN,India,elite proxy,yes,no,11 mins ago
20.94.230.158,80,US,United States,anonymous,yes,no,11 mins ago
197.255.52.214,8081,NG,Nigeria,elite proxy,,no,11 mins ago
52.149.152.236,80,US,United States,anonymous,no,no,11 mins ago
91.192.2.168,53281,PL,Poland,elite proxy,,no,11 mins ago
82.64.151.182,80,FR,France,elite proxy,,no,11 mins ago
89.216.103.212,8080,RS,Serbia,transparent,no,no,12 mins ago
103.14.199.192,83,IN,India,transparent,no,no,12 mins ago
187.19.102.22,3128,BR,Brazil,transparent,no,no,20 mins ago
179.1.1.81,999,CO,Colombia,transparent,no,no,20 mins ago
182.48.241.14,80,IN,India,transparent,no,no,20 mins ago
103.14.199.225,83,IN,India,transparent,no,no,20 mins ago
45.173.4.190,999,CO,Colombia,transparent,no,no,20 mins ago
64.124.38.139,8080,US,United States,elite proxy,no,yes,20 mins ago
14.200.24.171,80,AU,Australia,anonymous,no,no,20 mins ago
202.14.80.2,3128,HK,Hong Kong,anonymous,no,yes,20 mins ago
206.253.164.122,80,CA,Canada,anonymous,no,no,20 mins ago
201.217.49.2,80,PY,Paraguay,elite proxy,no,no,20 mins ago
41.85.189.66,57797,BJ,Benin,elite proxy,no,no,20 mins ago
160.16.75.178,3128,JP,Japan,elite proxy,no,yes,20 mins ago
3.213.139.74,8888,US,United States,anonymous,no,yes,20 mins ago
193.149.225.51,80,GB,United Kingdom,anonymous,no,no,20 mins ago
47.243.68.117,8080,HK,Hong Kong,anonymous,no,no,20 mins ago
80.48.119.28,8080,PL,Poland,elite proxy,yes,no,20 mins ago
8.208.102.152,1088,GB,United Kingdom,elite proxy,no,yes,20 mins ago
193.149.225.61,80,GB,United Kingdom,anonymous,no,no,20 mins ago
121.78.139.44,80,KR,Korea,anonymous,no,no,20 mins ago
189.240.60.171,8080,MX,Mexico,elite proxy,no,no,20 mins ago
189.240.60.163,8080,MX,Mexico,elite proxy,no,no,20 mins ago
192.109.165.246,80,DE,Germany,anonymous,no,no,20 mins ago
64.124.38.126,8080,US,United States,elite proxy,no,yes,20 mins ago
51.38.95.10,3128,FR,France,elite proxy,no,yes,20 mins ago
51.195.149.143,8080,FR,France,elite proxy,no,yes,20 mins ago
74.141.186.101,80,US,United States,elite proxy,yes,no,20 mins ago
74.208.177.198,80,US,United States,elite proxy,no,no,20 mins ago
14.177.236.212,55443,VN,Vietnam,elite proxy,no,yes,20 mins ago
45.199.148.3,80,US,United States,anonymous,yes,no,20 mins ago
121.78.139.77,80,KR,Korea,anonymous,no,no,20 mins ago
105.27.245.253,6969,UG,Uganda,elite proxy,no,yes,20 mins ago
202.57.35.74,38629,PH,Philippines,elite proxy,no,no,21 mins ago
115.75.35.12,42108,VN,Vietnam,elite proxy,,no,21 mins ago
35.239.155.190,80,US,United States,anonymous,,no,21 mins ago
36.91.45.10,51672,ID,Indonesia,elite proxy,,no,21 mins ago
79.124.78.144,80,BG,Bulgaria,elite proxy,,no,21 mins ago
150.129.207.84,30093,IN,India,elite proxy,,no,21 mins ago
188.0.138.11,8080,KZ,Kazakhstan,elite proxy,,no,21 mins ago
81.18.45.35,3128,KZ,Kazakhstan,elite proxy,,no,21 mins ago
213.230.97.169,3128,UZ,Uzbekistan,elite proxy,,no,21 mins ago
103.78.73.93,3128,ID,Indonesia,elite proxy,,no,21 mins ago
103.247.152.125,3128,NZ,New Zealand,anonymous,,no,21 mins ago
8.211.241.7,1088,GB,United Kingdom,elite proxy,,no,21 mins ago
190.122.185.170,999,GT,Guatemala,elite proxy,,no,21 mins ago
79.143.225.152,60517,RU,Russian Federation,elite proxy,,no,21 mins ago
46.5.252.70,8080,DE,Germany,anonymous,,no,21 mins ago
134.209.29.120,8080,GB,United Kingdom,anonymous,no,no,22 mins ago
5.252.161.48,8080,GB,United Kingdom,anonymous,no,no,22 mins ago
52.4.158.30,3128,US,United States,anonymous,,no,22 mins ago
197.253.7.201,80,NG,Nigeria,anonymous,no,no,22 mins ago
103.233.156.44,8080,ID,Indonesia,elite proxy,,no,22 mins ago
154.16.63.16,3128,GB,United Kingdom,anonymous,no,no,22 mins ago
74.196.229.161,8080,US,United States,elite proxy,,no,22 mins ago
162.144.220.192,80,US,United States,elite proxy,yes,no,22 mins ago
152.32.145.65,80,HK,Hong Kong,anonymous,,no,22 mins ago
189.240.60.168,8080,MX,Mexico,elite proxy,no,no,22 mins ago
89.222.182.144,3128,RU,Russian Federation,elite proxy,,no,22 mins ago
102.129.249.120,8080,ZA,South Africa,anonymous,no,no,22 mins ago
196.214.185.87,80,ZA,South Africa,anonymous,,no,22 mins ago
167.71.165.187,31337,US,United States,elite proxy,,no,22 mins ago
200.85.169.18,47548,NI,Nicaragua,elite proxy,,no,23 mins ago
2.179.193.146,80,IR,Iran,anonymous,,no,23 mins ago
27.110.164.2,55443,PH,Philippines,elite proxy,,no,23 mins ago
187.111.176.249,8080,BR,Brazil,elite proxy,,no,23 mins ago
185.51.10.19,80,AT,Austria,elite proxy,no,no,23 mins ago
103.12.160.85,31231,KH,Cambodia,elite proxy,,no,23 mins ago
188.68.52.45,80,DE,Germany,elite proxy,,no,23 mins ago
173.249.39.131,80,DE,Germany,elite proxy,,no,23 mins ago
206.161.97.47,31337,US,United States,transparent,no,no,23 mins ago
202.153.233.228,8080,ID,Indonesia,transparent,no,no,23 mins ago
2.188.166.25,3128,IR,Iran,elite proxy,,no,23 mins ago
43.224.10.46,6666,IN,India,elite proxy,,no,23 mins ago
185.61.152.137,8080,GB,United Kingdom,anonymous,,no,23 mins ago
175.138.4.222,8080,MY,Malaysia,elite proxy,,no,23 mins ago
191.7.201.109,52107,BR,Brazil,elite proxy,,no,23 mins ago
176.214.97.13,8081,RU,Russian Federation,transparent,no,no,24 mins ago
192.99.2.41,3128,CA,Canada,transparent,no,no,24 mins ago
103.159.46.10,84,IN,India,transparent,no,no,29 mins ago
52.172.138.87,80,IN,India,elite proxy,,no,30 mins ago
8.208.82.169,1088,GB,United Kingdom,elite proxy,,no,30 mins ago
13.91.104.216,80,US,United States,elite proxy,,no,30 mins ago
165.16.23.14,8080,LY,Libya,elite proxy,,no,30 mins ago
13.212.38.64,80,SG,Singapore,elite proxy,,no,30 mins ago
158.69.53.132,9300,CA,Canada,elite proxy,,no,30 mins ago
203.113.167.3,80,VN,Vietnam,elite proxy,,no,30 mins ago
54.237.119.208,80,US,United States,anonymous,,no,30 mins ago
36.80.36.57,46210,ID,Indonesia,elite proxy,,no,30 mins ago
117.236.225.12,80,IN,India,elite proxy,,no,30 mins ago
178.47.141.128,46321,RU,Russian Federation,elite proxy,,no,30 mins ago
203.81.87.186,10443,MM,Myanmar,elite proxy,,no,30 mins ago
207.246.64.247,3128,US,United States,elite proxy,no,yes,30 mins ago
93.188.161.84,80,CY,Cyprus,elite proxy,,no,30 mins ago
14.238.99.105,3128,VN,Vietnam,elite proxy,,no,30 mins ago
185.208.172.196,8080,DE,Germany,elite proxy,,no,30 mins ago
138.68.60.8,8080,US,United States,anonymous,,no,30 mins ago
159.203.61.169,8080,CA,Canada,anonymous,,no,30 mins ago
161.35.70.249,3128,DE,Germany,anonymous,,no,30 mins ago
191.96.42.80,8080,US,United States,anonymous,,no,30 mins ago
65.21.58.194,80,FI,Finland,elite proxy,,no,30 mins ago
103.76.175.184,3128,ID,Indonesia,anonymous,,no,30 mins ago
181.225.53.3,80,VE,Venezuela,elite proxy,,no,30 mins ago
200.69.210.59,80,AR,Argentina,elite proxy,yes,no,30 mins ago
24.106.221.230,53281,US,United States,elite proxy,yes,no,30 mins ago
58.136.18.189,8081,TH,Thailand,elite proxy,yes,no,30 mins ago
201.142.231.49,8080,MX,Mexico,elite proxy,yes,no,30 mins ago
110.74.195.65,55443,KH,Cambodia,elite proxy,,no,31 mins ago
187.204.173.184,53281,MX,Mexico,elite proxy,,no,31 mins ago
136.228.141.154,80,KH,Cambodia,anonymous,no,no,31 mins ago
47.252.31.217,1088,US,United States,elite proxy,,no,31 mins ago
150.129.148.99,35101,IN,India,elite proxy,no,no,31 mins ago
207.244.170.103,8118,US,United States,elite proxy,no,yes,31 mins ago
83.171.103.67,8080,RU,Russian Federation,anonymous,,yes,31 mins ago
66.82.65.41,87,US,United States,anonymous,yes,no,31 mins ago
206.189.146.13,8080,SG,Singapore,elite proxy,yes,no,31 mins ago
125.167.88.9,80,ID,Indonesia,elite proxy,yes,yes,31 mins ago
195.9.61.22,45225,RU,Russian Federation,elite proxy,no,no,32 mins ago
64.124.38.26,8080,US,United States,elite proxy,no,no,32 mins ago
201.63.80.226,80,BR,Brazil,anonymous,no,no,32 mins ago
47.242.230.146,8888,HK,Hong Kong,anonymous,no,no,32 mins ago
51.68.141.31,80,FR,France,elite proxy,no,no,32 mins ago
47.242.183.4,8080,HK,Hong Kong,anonymous,no,no,32 mins ago
177.126.216.149,60375,BR,Brazil,elite proxy,no,no,32 mins ago
45.32.101.24,80,SG,Singapore,elite proxy,no,no,32 mins ago
181.205.22.170,7654,CO,Colombia,elite proxy,no,no,32 mins ago
83.167.203.174,50128,NL,Netherlands,elite proxy,no,no,32 mins ago
94.74.181.211,23500,IR,Iran,elite proxy,no,no,32 mins ago
45.172.111.12,999,AR,Argentina,transparent,no,no,32 mins ago
164.160.81.248,8080,ZA,South Africa,transparent,no,no,32 mins ago
